,0,1,2,3,4,5,6,7,8,9,10,11
0,1.50294E+12,4261.48,4313.62,4261.32,4308.83,47.181009,1.50295E+12,202366.1384,171,35.160503,150952.4779,0
1,1.50295E+12,4308.83,4328.69,4291.37,4315.32,23.234916,1.50295E+12,100304.8236,102,21.448071,92608.27973,0
2,1.50295E+12,4330.29,4345.45,4309.37,4324.35,7.229691,1.50295E+12,31282.31267,36,4.802861,20795.31722,0
3,1.50295E+12,4316.62,4349.99,4287.41,4349.99,4.443249,1.50296E+12,19241.0583,25,2.602292,11291.34702,0
4,1.50296E+12,4333.32,4377.85,4333.32,4360.69,0.972807,1.50296E+12,4239.503586,28,0.814655,3552.746817,0
5,1.50296E+12,4360,4445.78,4360,4444,10.763623,1.50296E+12,47219.35594,43,10.2584,44995.37816,0
6,1.50296E+12,4441.1,4470,4399.81,4460,24.865399,1.50297E+12,110290.729,82,21.698693,96225.97305,0
7,1.50297E+12,4460,4485.39,4427.3,4427.3,27.018053,1.50297E+12,120751.5692,95,26.015885,116279.9531,0
8,1.50297E+12,4436.06,4449.56,4411,4411,23.032398,1.50297E+12,102126.5186,108,15.312994,67947.83408,0
9,1.50297E+12,4411,4459,4411,4459,31.312436,1.50298E+12,138976.6394,118,26.564042,117910.4756,0
10,1.50298E+12,4459,4485.39,4435.93,4470.82,51.735897,1.50298E+12,230871.4534,234,38.807183,173092.1168,0
11,1.50298E+12,4470.82,4470.82,4333.42,4352.34,68.48127,1.50299E+12,302264.1869,398,44.499914,196469.3316,0
12,1.50299E+12,4352.33,4354.35,4255.3,4354.18,67.458791,1.50299E+12,290623.4505,398,39.026737,168418.3694,0
13,1.50299E+12,4354.18,4354.84,4235.45,4289.24,59.664912,1.50299E+12,256886.3526,192,38.967534,168263.6678,0
14,1.50299E+12,4289.24,4302.45,4218.68,4256.97,51.275163,1.503E+12,218259.3588,194,45.031237,191655.1816,0
15,1.503E+12,4241.91,4335.3,4200.74,4325.23,46.71085,1.503E+12,199521.9369,202,42.010855,179470.9822,0
16,1.503E+12,4307.56,4354.84,4258.56,4346.74,48.975472,1.503E+12,210548.8809,247,42.883136,184311.3055,0
17,1.503E+12,4346.74,4369.69,4309.23,4333.55,61.773036,1.50301E+12,268284.9418,248,51.152619,222120.0759,0
18,1.50301E+12,4333.55,4359.13,4310,4336.8,57.376142,1.50301E+12,248368.2797,236,44.313544,191898.1485,0
19,1.50301E+12,4313.39,4337.38,4280.82,4285.08,81.645263,1.50301E+12,352342.5605,270,64.877386,279957.4386,0
20,1.50301E+12,4285.08,4340.62,4228.76,4286.53,82.435474,1.50302E+12,353504.4104,268,70.703594,303212.2843,0
21,1.50302E+12,4269.36,4269.36,4134.61,4243.59,75.684883,1.50302E+12,318327.5294,243,45.573568,192407.4889,0
22,1.50302E+12,4251.95,4298.64,4234,4267.59,54.071337,1.50303E+12,230478.6281,219,46.316836,197398.0766,0
23,1.50303E+12,4244.77,4308.7,4234,4292.39,64.001349,1.50303E+12,273495.0065,306,52.061572,222560.2042,0
24,1.50303E+12,4292.39,4292.39,4234.43,4287.92,50.797515,1.50303E+12,216512.633,267,45.826187,195365.9894,0
25,1.50303E+12,4287.92,4340.62,4250.04,4313.56,64.169286,1.50304E+12,275592.0487,367,45.888251,197155.2704,0
26,1.50304E+12,4313.56,4316.98,4247.75,4279.46,64.235424,1.50304E+12,275244.6022,298,47.428602,203346.9429,0
27,1.50304E+12,4279.46,4304.67,4270.48,4300.25,69.186804,1.50304E+12,296605.4422,203,64.503659,276540.5491,0
28,1.50304E+12,4285,4320.71,4259.85,4282.73,74.829849,1.50305E+12,321236.5948,247,65.773488,282308.7823,0
29,1.50305E+12,4265.33,4327.25,4265.33,4304.15,45.653156,1.50305E+12,196295.1273,228,40.946988,176048.3215,0
30,1.50305E+12,4304.15,4371.52,4296.04,4356.31,51.563675,1.50305E+12,223589.1683,227,39.695605,172070.1217,0
31,1.50305E+12,4356.31,4357.37,4302.72,4340.31,24.093449,1.50306E+12,104474.9756,178,20.689651,89734.11537,0
32,1.50306E+12,4320.52,4340.31,4287.79,4331.71,15.118957,1.50306E+12,65468.18475,96,13.841608,59957.88188,0
33,1.50306E+12,4302.97,4318.16,4221.05,4293.09,46.533767,1.50306E+12,199050.623,177,36.311467,155292.004,0
34,1.50306E+12,4293.09,4293.09,4193.7,4259.4,74.368943,1.50307E+12,315639.9067,225,63.984737,271468.2551,0
35,1.50307E+12,4259.4,4259.4,4200,4236.89,39.947717,1.50307E+12,169299.8113,199,32.9405,139565.9333,0
36,1.50307E+12,4234.54,4283.79,4234.54,4250.34,45.038824,1.50308E+12,191824.0914,197,39.96772,170218.4202,0
37,1.50308E+12,4250.34,4250.34,4066.53,4193.35,62.691466,1.50308E+12,263339.8996,164,47.393969,199390.7551,0
38,1.50308E+12,4171.17,4297.75,4117.41,4117.41,25.318654,1.50308E+12,105261.8896,174,23.576194,98003.74122,0
39,1.50308E+12,4086.28,4136.48,4015.7,4136.28,60.598026,1.50309E+12,246905.1794,218,42.521061,173482.0464,0
40,1.50309E+12,4135,4135,3981.13,4021.11,19.968037,1.50309E+12,80574.6456,155,10.899541,44057.0002,0
41,1.50309E+12,4015.4,4015.4,3938.77,3975.69,14.738631,1.50309E+12,58543.24828,154,10.304756,40961.50202,0
42,1.50309E+12,3996.92,4131.83,3938.77,4113.75,29.906205,1.5031E+12,120902.0926,209,26.964125,109214.8706,0
43,1.5031E+12,4106.35,4136.48,4085.88,4108.37,44.936836,1.5031E+12,184792.5672,214,38.755031,159362.7599,0
44,1.5031E+12,4108.37,4178.31,4084.28,4163.49,41.308877,1.5031E+12,170057.4075,196,34.325182,141301.037,0
45,1.5031E+12,4163.49,4184.69,4143.11,4148.53,28.835177,1.50311E+12,120196.9699,146,25.891721,107902.4771,0
46,1.50311E+12,4148.53,4184,4148.53,4156.39,18.754474,1.50311E+12,77993.67617,121,15.109169,62830.69588,0
47,1.50311E+12,4180,4180,4103.52,4138.55,19.61192,1.50312E+12,81103.36858,122,17.073102,70627.43453,0
48,1.50312E+12,4138.5,4156,4046.26,4068.26,17.353232,1.50312E+12,71543.77215,98,11.665824,48288.4565,0
49,1.50312E+12,4123.95,4123.95,4027.83,4077,12.514194,1.50312E+12,51244.65338,66,9.50767,39084.70482,0
50,1.50312E+12,4077,4082,3986.87,3986.87,51.455431,1.50313E+12,208849.6316,167,31.275538,126767.8539,0
51,1.50313E+12,3969.12,4033.47,3933.21,4033.47,31.429222,1.50313E+12,125576.6971,162,24.229995,96819.49304,0
52,1.50313E+12,4033.47,4064.84,3964.08,3999,18.006405,1.50313E+12,72459.21856,112,10.758043,43449.86341,0
53,1.50313E+12,3999,4082.25,3999,4068.2,5.184223,1.50314E+12,20895.48847,48,3.4373,13863.39985,0
54,1.50314E+12,4054,4082,3982.08,4000.58,5.886831,1.50314E+12,23709.85974,59,4.288166,17280.02249,0
55,1.50314E+12,4016,4033,3850,3957.6,48.178583,1.50314E+12,190751.8013,262,25.736075,102452.5791,0
56,1.50314E+12,3945.12,4095,3928.89,4095,22.230984,1.50315E+12,89837.07718,173,15.874642,64139.15783,0
57,1.50315E+12,4095,4100,4035.49,4039.84,12.705664,1.50315E+12,51761.33454,54,8.780951,35874.00302,0
58,1.50315E+12,4066,4068.31,4013.7,4042.41,4.334426,1.50315E+12,17524.48068,34,3.393636,13738.04316,0
59,1.50315E+12,4036.59,4063.44,3964.67,3972.05,8.244504,1.50316E+12,33201.0444,59,5.76553,23279.32328,0
60,1.50316E+12,4036.19,4049.69,3953.4,4000,4.084177,1.50316E+12,16307.55382,39,2.719902,10896.53006,0
61,1.50316E+12,3985,4048.99,3976.72,4027.37,3.069548,1.50317E+12,12263.24524,25,2.204202,8812.377075,0
62,1.50317E+12,4013.69,4096,4013.69,4086.29,17.148202,1.50317E+12,69270.619,75,13.735367,55462.50713,0
63,1.50317E+12,4073.47,4103.92,4073.47,4076.12,1.623129,1.50317E+12,6637.28486,22,1.439202,5885.205977,0
64,1.50317E+12,4088.71,4103.92,4051.47,4075.98,2.98757,1.50318E+12,12154.59138,34,1.394177,5686.415454,0
65,1.50318E+12,4075.98,4149.99,4074.23,4074.23,3.952194,1.50318E+12,16200.70035,35,3.479194,14269.59205,0
66,1.50318E+12,4090,4141,4090,4139.98,2.358097,1.50318E+12,9725.387856,36,2.198755,9072.825854,0
67,1.50318E+12,4120.78,4139.98,4120.78,4139.98,0.052699,1.50319E+12,217.8715628,8,0.052699,217.8715628,0
68,1.50319E+12,4120.98,4139.98,4044,4086.09,2.343924,1.50319E+12,9598.791502,25,2.171086,8892.22865,0
69,1.50319E+12,4086.09,4086.09,4052.82,4082.53,1.061151,1.50319E+12,4322.95571,23,0.822091,3347.578924,0
70,1.50319E+12,4096.33,4124.69,4082.62,4124.69,2.858561,1.5032E+12,11740.06128,28,2.417561,9939.625864,0
71,1.5032E+12,4111.26,4111.26,4094.62,4094.62,0.347647,1.5032E+12,1428.515294,3,0.347647,1428.515294,0
72,1.5032E+12,4094.62,4094.62,4091.8,4093,0.809243,1.50321E+12,3313.402324,37,0.809243,3313.402324,0
73,1.50321E+12,4087,4142.16,4087,4117.41,10.743056,1.50321E+12,44122.84422,69,9.067067,37226.00389,0
74,1.50321E+12,4117.41,4117.41,4081.19,4115.41,2.915551,1.50321E+12,11945.53146,43,2.364551,9691.593864,0
75,1.50321E+12,4081.4,4156.56,4081.4,4155.87,14.13606,1.50322E+12,58157.39687,126,7.907226,32588.2245,0
76,1.50322E+12,4155.87,4211.08,4032.62,4184.73,17.395516,1.50322E+12,72103.77553,142,7.534455,31378.61174,0
77,1.50322E+12,4155,4158.61,4155,4155,0.39588,1.50322E+12,1645.262078,9,0.17296,719.0294781,0
78,1.50322E+12,4140,4142.41,4109.84,4142.41,0.947044,1.50323E+12,3915.520361,11,0.235689,974.1901808,0
79,1.50323E+12,4104.68,4125.44,4080,4106.53,17.281503,1.50323E+12,70777.45524,106,12.315951,50488.72178,0
80,1.50323E+12,4106.53,4125.43,4080,4108.47,2.76584,1.50323E+12,11339.30919,48,1.638994,6723.510959,0
81,1.50323E+12,4125,4125,4063.35,4063.35,1.258162,1.50324E+12,5114.583445,5,0.013229,54.5649398,0
82,1.50324E+12,4096.32,4096.32,4068.5,4096.32,1.46565,1.50324E+12,6001.135738,14,1.395514,5714.968537,0
83,1.50324E+12,4100,4125,4100,4125,23.623614,1.50324E+12,97052.02731,61,19.283249,79229.15876,0
84,1.50324E+12,4125,4150,4091.59,4131.46,23.366978,1.50325E+12,96322.0981,85,19.044708,78474.37138,0
85,1.50325E+12,4131.46,4138.07,4101.4,4129,49.216664,1.50325E+12,202834.0122,232,41.917451,172687.4124,0
86,1.50325E+12,4129.32,4158.61,4116,4154.56,48.088875,1.50326E+12,198738.2135,185,42.704271,176463.3462,0
87,1.50326E+12,4154.56,4185.94,4144.85,4164.6,49.323,1.50326E+12,205482.1219,187,43.159268,179794.6186,0
88,1.50326E+12,4161.59,4171.62,4116,4140.93,53.437635,1.50326E+12,221127.6696,208,45.846932,189677.6865,0
89,1.50326E+12,4140.93,4156.56,4128.75,4150,35.727424,1.50327E+12,147963.478,215,28.498136,118008.5029,0
90,1.50327E+12,4162.59,4169.98,4132.31,4169.98,38.098577,1.50327E+12,158291.2406,216,28.356794,117775.3499,0
91,1.50327E+12,4151.14,4171.62,4069.13,4086.29,69.475467,1.50327E+12,287026.989,243,58.771874,242810.1163,0
92,1.50327E+12,4069.13,4119.62,4062.78,4108.28,53.091325,1.50328E+12,217258.1436,269,48.237936,197374.7965,0
93,1.50328E+12,4108.28,4114.86,4080.66,4094.6,55.969147,1.50328E+12,229146.5944,225,50.547026,206913.3184,0
94,1.50328E+12,4094.6,4109.26,4039,4079.94,58.961149,1.50328E+12,239947.6815,212,48.635344,197913.3063,0
95,1.50328E+12,4079.94,4104.68,4048.74,4084.76,52.816522,1.50329E+12,215264.0127,225,44.965236,183225.3812,0
96,1.50329E+12,4079.26,4104.68,4047.75,4104.68,39.490772,1.50329E+12,161089.9979,238,31.262356,127491.9891,0
97,1.50329E+12,4104.68,4104.68,4011.02,4016.9,67.180302,1.5033E+12,272054.2439,277,54.618766,221044.1699,0
98,1.5033E+12,4011.04,4032.01,3953.4,3982.96,66.697745,1.5033E+12,266615.3173,355,48.369001,193376.7718,0
99,1.5033E+12,3982.96,4055.92,3970.63,4043.63,49.20631,1.5033E+12,197993.2056,330,44.823302,180401.7215,0
100,1.5033E+12,4043.63,4055.92,4010.78,4036.3,54.912335,1.50331E+12,221558.7765,198,47.371641,191104.3678,0
101,1.50331E+12,4036.3,4077.07,4035.82,4074,3.904708,1.50331E+12,15822.55098,53,3.306922,13408.48712,0
102,1.50331E+12,4066,4088.12,4066,4088.1,5.090504,1.50331E+12,20748.78035,100,4.740747,19322.44309,0
103,1.50331E+12,4063,4063,4000.01,4023.11,14.970767,1.50332E+12,60239.78629,103,8.286412,33326.06229,0
104,1.50332E+12,4023.11,4023.11,4000,4000,6.47768,1.50332E+12,25971.9143,96,3.539675,14208.34563,0
105,1.50332E+12,4000,4023.11,3934.43,3951.49,22.207985,1.50332E+12,88410.18641,180,4.70077,18815.19112,0
106,1.50332E+12,3914.59,4023.11,3911.79,3989.17,7.695301,1.50333E+12,30441.0227,103,4.672856,18508.85129,0
107,1.50333E+12,3967.5,4022,3920.55,4022,7.38183,1.50333E+12,29590.50298,100,5.041273,20209.20872,0
108,1.50333E+12,4005.99,4029.05,3951.26,4029.05,7.316543,1.50333E+12,29255.73037,70,4.172662,16687.55113,0
109,1.50333E+12,4019.99,4029.06,3951.26,4016.2,5.072528,1.50334E+12,20279.25427,66,3.963423,15873.65835,0
110,1.50334E+12,3997.57,4029.06,3918.8,3918.8,3.884477,1.50334E+12,15462.86836,73,2.140634,8555.410086,0
111,1.50334E+12,3918.8,4042.11,3918.8,4027.05,8.193382,1.50335E+12,32899.80295,121,7.646594,30710.0343,0
112,1.50335E+12,4027.05,4042.11,3950,4025.04,32.108599,1.50335E+12,129107.802,164,27.809472,111872.1779,0
113,1.50335E+12,4025.04,4070.49,4007.51,4039.1,39.356712,1.50335E+12,158477.2615,194,35.713096,143745.6599,0
114,1.50335E+12,4039.1,4041.23,4008.63,4041.1,18.792654,1.50336E+12,75681.93035,113,14.079622,56683.43651,0
115,1.50336E+12,4025,4031.87,3987.5,4016,10.963783,1.50336E+12,43914.34684,107,8.711341,34890.21326,0
116,1.50336E+12,4016,4016,3789.95,3790,60.339017,1.50336E+12,237019.2108,285,42.470886,167027.9264,0
117,1.50336E+12,3790,3890.51,3688.97,3700,30.126509,1.50337E+12,112876.9659,237,18.853032,70691.36326,0
118,1.50337E+12,3700,3849.98,3689,3849.98,8.334604,1.50337E+12,31846.37262,130,7.431061,28462.1062,0
119,1.50337E+12,3822.5,3862.39,3802.53,3862.39,15.885216,1.50337E+12,61002.02239,79,10.451751,40187.98195,0
120,1.50337E+12,3863,3868.57,3450.98,3500.8,28.666039,1.50338E+12,105969.3458,138,9.463812,35558.67733,0
121,1.50338E+12,3500.8,3695.62,3400,3626.99,14.49939,1.50338E+12,50947.73083,93,4.225632,14969.98538,0
122,1.50338E+12,3619.95,3854.46,3619.95,3803,62.096369,1.50339E+12,236465.2616,295,50.244664,191175.3181,0
123,1.50339E+12,3803,3803,3733.8,3798.08,61.959721,1.50339E+12,234263.2689,409,45.500346,172147.4732,0
124,1.50339E+12,3798.08,3805.76,3750.08,3794.12,36.868111,1.50339E+12,139546.7238,265,32.475776,122889.1701,0
125,1.50339E+12,3794.12,3920.31,3775.01,3904.56,76.172178,1.5034E+12,294063.0596,303,60.959482,235306.2848,0
126,1.5034E+12,3904.56,3904.56,3826.12,3844.08,59.322181,1.5034E+12,229586.8049,461,35.909877,139226.6394,0
127,1.5034E+12,3844.07,3905.56,3841.18,3866.48,49.368766,1.5034E+12,190978.8464,437,9.157592,35556.60575,0
128,1.5034E+12,3866.48,3990.12,3853.53,3934.01,75.787584,1.50341E+12,296230.1034,605,18.883824,74272.24337,0
129,1.50341E+12,3949.01,3964.75,3874.35,3920.99,38.623871,1.50341E+12,150997.3484,437,6.937543,27221.6655,0
130,1.50341E+12,3874.38,3920.99,3786.81,3849,26.182528,1.50341E+12,100888.0833,236,5.762247,22271.9294,0
131,1.50341E+12,3829.5,3921.63,3810.07,3858.23,38.764438,1.50342E+12,150171.9689,193,10.572079,41205.17938,0
132,1.50342E+12,3858.23,3952.89,3853.47,3905.84,34.779778,1.50342E+12,135445.8374,162,4.937918,19324.57842,0
133,1.50342E+12,3905.84,3998.99,3888.79,3943,45.279128,1.50342E+12,178848.9604,234,11.895001,47345.22389,0
134,1.50342E+12,3944,4104.82,3944,4043.76,45.132143,1.50343E+12,181891.6113,309,6.525345,26322.93016,0
135,1.50343E+12,4071.22,4101.24,3984.23,3984.24,34.344606,1.50343E+12,138354.7186,312,4.780327,19428.79448,0
136,1.50343E+12,3984.5,4061.54,3953.13,3960.29,30.512424,1.50344E+12,121695.6613,187,6.176811,24898.28608,0
137,1.50344E+12,3960.29,4038.96,3946.67,3946.67,21.285573,1.50344E+12,84186.53842,154,1.585524,6344.400046,0
138,1.50344E+12,3999.96,4046.11,3944.04,4002,31.264903,1.50344E+12,124945.3086,289,6.533,26256.37774,0
139,1.50344E+12,4009.1,4045,3944.03,4040,41.089781,1.50345E+12,164284.0184,244,12.261651,49097.22901,0
140,1.50345E+12,4040,4077.18,4013.89,4036,23.850037,1.50345E+12,96339.81841,197,4.428977,17989.32499,0
141,1.50345E+12,4048.1,4100,4035.38,4100,46.57641,1.50345E+12,189275.5931,215,7.681487,31352.38075,0
142,1.50345E+12,4101.53,4127.99,4049.74,4083.72,45.835226,1.50346E+12,187993.0277,369,4.182317,17170.98352,0
143,1.50346E+12,4083.72,4126.99,4050.04,4100.41,43.396711,1.50346E+12,177397.1684,216,7.127712,29292.48696,0
144,1.50346E+12,4084.54,4115.87,4054.01,4083.6,37.869418,1.50346E+12,154650.9125,278,9.102401,37314.59344,0
145,1.50346E+12,4084,4110,4053.18,4053.18,32.819431,1.50347E+12,133793.5531,230,7.150012,29280.93254,0
146,1.50347E+12,4064,4099.99,4035.32,4080,35.942493,1.50347E+12,146480.6165,262,7.139927,29192.57308,0
147,1.50347E+12,4089.45,4098.88,4052.49,4074.88,35.208261,1.50348E+12,143395.0233,341,3.891859,15925.4011,0
148,1.50348E+12,4081.63,4124,4057,4124,37.697918,1.50348E+12,153734.1047,252,7.280048,29803.78858,0
149,1.50348E+12,4123.88,4242.32,4100.15,4203.12,40.181197,1.50348E+12,168331.1287,220,6.701899,28280.43918,0
150,1.50348E+12,4208.11,4228.02,4188.63,4228.02,24.062874,1.50349E+12,101355.7036,203,5.766337,24358.36836,0
151,1.50349E+12,4203.12,4237.99,4174.09,4237.99,33.082033,1.50349E+12,139194.6121,378,16.446946,69290.60134,0
152,1.50349E+12,4205.98,4265.8,4174,4215.68,62.63869,1.50349E+12,264786.2183,641,30.047455,127327.7829,0
153,1.50349E+12,4215.68,4230.92,4155,4211,81.248254,1.5035E+12,341206.9278,1038,55.161651,231941.2241,0
154,1.5035E+12,4166.89,4212.29,4154.51,4174,58.313942,1.5035E+12,244522.2659,659,33.665043,141447.3653,0
155,1.5035E+12,4174,4226.95,4150.65,4197.05,35.159683,1.5035E+12,147291.3876,263,10.073566,42345.44594,0
156,1.5035E+12,4226.94,4259.58,4197.05,4210.03,71.149755,1.50351E+12,300581.0745,1103,38.18921,161649.765,0
157,1.50351E+12,4220.56,4231,4166.27,4166.27,39.170494,1.50351E+12,164134.2658,317,10.015779,42093.99355,0
158,1.50351E+12,4166.27,4191.71,4135.38,4143.37,31.864933,1.50351E+12,132417.8265,218,1.910056,7999.356712,0
159,1.50351E+12,4143.37,4168.9,4103.51,4117.07,32.452403,1.50352E+12,134123.0808,218,3.869033,16070.31625,0
160,1.50352E+12,4136.48,4136.48,4073.41,4118.4,42.757657,1.50352E+12,175108.2463,239,13.214231,54322.13762,0
161,1.50352E+12,4105.25,4178.65,4090,4090,41.068084,1.50353E+12,169175.36,258,10.307986,42740.96968,0
162,1.50353E+12,4090,4152,4069.8,4114.2,27.138664,1.50353E+12,111340.227,249,5.203581,21432.66413,0
163,1.50353E+12,4151.88,4169.99,4113.79,4114.01,41.651997,1.50353E+12,172058.3231,265,10.861579,44944.20018,0
164,1.50353E+12,4147,4154.55,4114.08,4131,30.111736,1.50354E+12,124536.5657,222,4.319838,17936.33414,0
165,1.50354E+12,4132,4195,4113.9,4140.91,30.566278,1.50354E+12,126792.3513,206,4.336199,18059.25548,0
166,1.50354E+12,4141.88,4204.55,4131.92,4131.92,27.829502,1.50354E+12,115892.9248,291,6.414356,26783.91402,0
167,1.50354E+12,4146.97,4163.59,4085.01,4113.58,35.012634,1.50355E+12,144328.5225,184,11.99035,49611.94877,0
168,1.50355E+12,4113.58,4148.19,4090.39,4113.98,32.247571,1.50355E+12,132792.7895,224,6.583749,27262.13724,0
169,1.50355E+12,4113.98,4177.64,4113.49,4132.09,28.158769,1.50355E+12,116441.3442,215,6.101103,25293.97225,0
170,1.50355E+12,4132.09,4177.18,4131.91,4133.42,29.921536,1.50356E+12,124168.411,187,3.907914,16287.10555,0
171,1.50356E+12,4153.97,4173.99,4133.41,4153.32,32.851584,1.50356E+12,136461.9952,163,5.063383,21119.2601,0
172,1.50356E+12,4153.8,4206.88,4153.32,4200,32.275428,1.50357E+12,135102.7802,214,6.286247,26343.61605,0
173,1.50357E+12,4200,4224,4150,4165.01,38.916346,1.50357E+12,163088.8851,382,14.519808,61022.3518,0
174,1.50357E+12,4166,4250.94,4165.01,4173.98,66.494552,1.50357E+12,278471.2959,774,41.170088,172680.5701,0
175,1.50357E+12,4173.98,4215.74,4166.67,4202,33.800162,1.50358E+12,141397.16,344,11.079707,46452.62597,0
176,1.50358E+12,4211.78,4224.64,4136.33,4150.89,31.360472,1.50358E+12,131117.0374,342,11.133679,46673.84536,0
177,1.50358E+12,4167.69,4184.48,4148.78,4157.74,38.640678,1.50358E+12,160719.7929,353,6.053755,25209.90107,0
178,1.50358E+12,4173.11,4250.9,4157.74,4221,52.315975,1.50359E+12,219460.6526,402,21.287752,89351.53775,0
179,1.50359E+12,4235.9,4250.78,4196.01,4222,24.680217,1.50359E+12,104071.3626,167,4.907546,20742.32684,0
180,1.50359E+12,4223.06,4250.71,4207.86,4215,29.31562,1.50359E+12,123831.6662,231,6.113292,25857.38545,0
181,1.50359E+12,4225.5,4236,4178.22,4188.18,27.542633,1.5036E+12,115785.7338,246,3.373265,14207.452,0
182,1.5036E+12,4188.18,4221,4179.22,4221,28.000581,1.5036E+12,117421.7768,164,2.629411,11053.85778,0
183,1.5036E+12,4234,4250.77,4206.61,4216.07,26.720524,1.5036E+12,112811.2173,198,4.125262,17484.64346,0
184,1.5036E+12,4216.1,4245,4193.17,4193.5,22.598965,1.50361E+12,95238.49584,157,3.554348,15053.31962,0
185,1.50361E+12,4208.1,4234,4205.87,4207,23.743291,1.50361E+12,100086.4662,231,5.66632,23954.1008,0
186,1.50361E+12,4207,4330.61,4206.11,4326.23,28.537979,1.50362E+12,121486.0628,163,4.617833,19686.39049,0
187,1.50362E+12,4326.24,4371.68,4297.76,4316.01,35.77572,1.50362E+12,154971.1233,187,11.585207,50251.21207,0
188,1.50362E+12,4316.01,4369,4310.59,4366,48.189784,1.50362E+12,208959.642,632,6.83178,29732.00125,0
189,1.50362E+12,4368,4370,4328.58,4333.01,36.700204,1.50363E+12,159681.1579,475,5.861594,25535.76704,0
190,1.50363E+12,4333.01,4363.71,4328.58,4363.71,27.696571,1.50363E+12,120338.3364,224,10.646425,46287.79258,0
191,1.50363E+12,4346.14,4363.71,4295.75,4312.69,28.517967,1.50363E+12,123004.9127,180,5.168289,22374.74895,0
192,1.50363E+12,4312.69,4362,4310.2,4310.2,30.476973,1.50364E+12,131963.2661,322,4.999416,21708.31301,0
193,1.50364E+12,4296.63,4340,4281.04,4281.04,17.86787,1.50364E+12,77034.36167,152,4.800253,20772.34893,0
194,1.50364E+12,4294.79,4333.96,4267.5,4302.72,31.839845,1.50364E+12,136715.1739,219,3.741892,16089.80979,0
195,1.50364E+12,4302.72,4335,4300,4329,21.324855,1.50365E+12,92150.65297,232,4.721175,20435.21062,0
196,1.50365E+12,4317.81,4354.35,4316.54,4332.17,21.362133,1.50365E+12,92460.23381,164,2.76051,11988.01186,0
197,1.50365E+12,4332.17,4352,4332.17,4344.56,12.23636,1.50366E+12,53103.19156,187,2.967865,12897.90543,0
198,1.50366E+12,4344.56,4344.56,4298.74,4314.33,15.039453,1.50366E+12,65063.46297,127,1.241597,5384.423504,0
199,1.50366E+12,4331.67,4361.28,4313,4361.27,25.795114,1.50366E+12,111811.0889,216,8.989599,39067.14886,0
200,1.50366E+12,4361.27,4361.27,4261.13,4309.69,110.998609,1.50367E+12,479266.2436,1891,7.918988,34255.32181,0
201,1.50367E+12,4311.69,4345,4297.66,4312,20.801018,1.50367E+12,89785.16092,188,4.482264,19379.58082,0
202,1.50367E+12,4303.82,4340,4291.52,4305,10.610266,1.50367E+12,45804.26802,139,6.107378,26391.53326,0
203,1.50367E+12,4321.5,4422.29,4321.5,4394.36,21.796763,1.50368E+12,95349.33516,189,5.421801,23667.65046,0
204,1.50368E+12,4394.36,4453.91,4375.29,4447.31,17.78478,1.50368E+12,78475.0844,179,3.762923,16626.93257,0
205,1.50368E+12,4414.01,4424.99,4372.29,4402.32,15.893944,1.50368E+12,69953.46662,163,1.563422,6859.10023,0
206,1.50368E+12,4409.44,4449.44,4388.88,4449.44,9.302407,1.50369E+12,40996.05429,123,0.601993,2658.582129,0
207,1.50369E+12,4406.35,4420,4284.11,4307.17,9.418199,1.50369E+12,40906.90183,53,2.233713,9706.149532,0
208,1.50369E+12,4326,4326,4247.48,4286.29,11.559022,1.50369E+12,49429.29264,142,2.923453,12601.54391,0
209,1.50369E+12,4286.29,4336.13,4250.08,4288.99,9.574153,1.5037E+12,41252.18901,112,1.916138,8266.873031,0
210,1.5037E+12,4288.99,4365,4288.99,4303.37,8.952755,1.5037E+12,38638.16091,134,0.392881,1705.258126,0
211,1.5037E+12,4304.02,4343.18,4280.68,4280.68,9.873695,1.50371E+12,42495.71114,111,0.042625,185.1280475,0
212,1.50371E+12,4280.71,4315,4274.33,4281,5.1987,1.50371E+12,22301.66475,67,0.769029,3315.16013,0
213,1.50371E+12,4305.5,4315,4282,4284,4.259218,1.50371E+12,18283.57366,41,0.680473,2931.008074,0
214,1.50371E+12,4284,4305.75,4260.62,4266.04,14.611868,1.50372E+12,62640.8502,143,2.773209,11906.9764,0
215,1.50372E+12,4245.01,4297.94,4228.99,4297.94,17.568782,1.50372E+12,74994.45984,174,1.468135,6291.78034,0
216,1.50372E+12,4297.94,4297.94,4271.51,4297.94,0.546526,1.50372E+12,2345.721823,15,0.365421,1570.557387,0
217,1.50372E+12,4297.94,4319.67,4252.44,4295.75,16.850711,1.50373E+12,72259.25195,131,4.214395,18115.37323,0
218,1.50373E+12,4307.72,4319.7,4280.81,4319.7,8.943147,1.50373E+12,38437.8835,79,1.901689,8187.281643,0
219,1.50373E+12,4308.82,4319.7,4297.94,4319.7,2.366904,1.50373E+12,10210.6983,39,0.959453,4144.549124,0
220,1.50373E+12,4319.7,4319.7,4318.74,4319.7,1.611675,1.50374E+12,6961.898713,5,1.555649,6719.936985,0
221,1.50374E+12,4318.74,4318.74,4260.88,4274.84,14.725799,1.50374E+12,63231.23527,94,1.937694,8335.013649,0
222,1.50374E+12,4289.12,4317.99,4289.12,4292.8,6.291791,1.50375E+12,27054.28174,47,0.751472,3242.135403,0
223,1.50375E+12,4307.5,4317.99,4287.79,4288.72,13.523816,1.50375E+12,58171.44744,96,2.405602,10366.36842,0
224,1.50375E+12,4288.72,4306.74,4234.42,4243.98,15.687533,1.50375E+12,66934.74396,155,5.540253,23696.85548,0
225,1.50375E+12,4260.41,4295,4221.14,4261.89,9.437559,1.50376E+12,40211.94349,78,1.637998,6999.215749,0
226,1.50376E+12,4258.53,4274,4242.04,4274,4.299722,1.50376E+12,18341.60281,48,1.198628,5119.052763,0
227,1.50376E+12,4274,4275,4246.96,4275,5.23017,1.50376E+12,22310.23514,83,2.86892,12254.48222,0
228,1.50376E+12,4275,4275,4212.41,4265.97,10.517696,1.50377E+12,44554.85763,65,1.385744,5915.677154,0
229,1.50377E+12,4265.97,4272.99,4230.02,4255.19,8.880594,1.50377E+12,37758.31035,129,1.722305,7336.189983,0
230,1.50377E+12,4255.19,4273,4236.51,4272,5.581725,1.50377E+12,23782.71847,80,2.0909,8911.471826,0
231,1.50377E+12,4272,4351.32,4258.51,4293.52,22.451093,1.50378E+12,96437.82975,276,10.92054,46874.08812,0
232,1.50378E+12,4293.52,4335.06,4279,4333.56,10.696855,1.50378E+12,46148.65084,107,2.922902,12641.24436,0
233,1.50378E+12,4345,4345,4288.1,4313.98,12.215516,1.50378E+12,52698.60752,134,2.064633,8931.257334,0
234,1.50378E+12,4323.06,4330,4288.09,4300,8.406972,1.50379E+12,36264.02396,87,1.531601,6621.952481,0
235,1.50379E+12,4288.1,4367,4288.09,4337.44,8.203696,1.50379E+12,35529.24224,87,2.523496,10936.17224,0
236,1.50379E+12,4332.51,4368.2,4315.52,4354,18.541335,1.5038E+12,80501.07722,184,5.504159,23917.94986,0
237,1.5038E+12,4339,4383.03,4338.93,4379.32,19.411818,1.5038E+12,84588.97083,227,6.230329,27158.34242,0
238,1.5038E+12,4379.5,4400,4368.1,4368.1,10.683409,1.5038E+12,46825.41081,151,3.967773,17425.02587,0
239,1.5038E+12,4379.24,4379.24,4314.91,4314.91,14.343826,1.50381E+12,62303.84113,169,2.500187,10891.68796,0
240,1.50381E+12,4329.19,4370.85,4303.02,4328,12.739895,1.50381E+12,55169.72639,211,1.996467,8666.888279,0
241,1.50381E+12,4328,4342.19,4293.42,4320.52,13.12702,1.50381E+12,56728.99897,120,1.696844,7330.953706,0
242,1.50381E+12,4314.9,4344.9,4314.89,4314.9,13.076941,1.50382E+12,56645.72516,94,2.636497,11435.8293,0
243,1.50382E+12,4335.11,4342.96,4298.75,4313.84,8.534343,1.50382E+12,36958.95808,75,1.600783,6936.948967,0
244,1.50382E+12,4331.29,4352.34,4302.12,4302.14,16.116807,1.50382E+12,69781.61786,214,5.787841,25138.55543,0
245,1.50382E+12,4323.9,4345.81,4302.11,4320.81,12.868744,1.50383E+12,55665.87825,199,8.529383,36941.46228,0
246,1.50383E+12,4330,4330,4285.56,4302.73,13.820714,1.50383E+12,59503.95863,264,3.663512,15813.98702,0
247,1.50383E+12,4323.87,4344.99,4285.8,4323.37,14.332417,1.50384E+12,61859.39233,186,2.377058,10302.51598,0
248,1.50384E+12,4340,4340,4298.66,4298.66,11.000033,1.50384E+12,47581.28931,90,2.278939,9866.059844,0
249,1.50384E+12,4314.11,4333.68,4285.54,4312.69,11.898816,1.50384E+12,51332.27802,170,2.109577,9115.15688,0
250,1.50384E+12,4312.69,4324.36,4295.89,4312.19,5.183741,1.50385E+12,22350.61526,69,0.34498,1490.211862,0
251,1.50385E+12,4312.19,4335,4295.28,4325,7.194834,1.50385E+12,31005.79704,119,1.829339,7914.821926,0
252,1.50385E+12,4290.01,4339.99,4290.01,4306,10.847071,1.50385E+12,46940.25959,131,8.229431,35676.07426,0
253,1.50385E+12,4339.99,4370.92,4306.01,4340,21.115132,1.50386E+12,92019.05491,210,8.225859,35910.47465,0
254,1.50386E+12,4369,4370.92,4335,4368.41,5.624452,1.50386E+12,24533.28307,88,4.357191,19017.31082,0
255,1.50386E+12,4370.42,4386.78,4327.62,4368.41,34.524605,1.50386E+12,150113.0836,159,9.519303,41573.71787,0
256,1.50386E+12,4336.12,4386.79,4336.12,4345,29.236913,1.50387E+12,127509.6979,182,7.761189,34039.37434,0
257,1.50387E+12,4386,4386,4336.09,4370,16.746505,1.50387E+12,72889.26824,173,4.992001,21851.31382,0
258,1.50387E+12,4350,4371.42,4315.16,4315.16,11.039354,1.50387E+12,47964.32815,63,2.209061,9655.655445,0
259,1.50387E+12,4367.4,4367.4,4309.6,4310.01,18.68386,1.50388E+12,80807.55127,122,3.303655,14371.86057,0
260,1.50388E+12,4310.01,4326.99,4282.2,4282.2,29.532451,1.50388E+12,126961.6059,311,2.747027,11796.91859,0
261,1.50388E+12,4282.2,4317.2,4265.45,4280.04,26.815334,1.50389E+12,114885.318,143,5.200044,22412.50795,0
262,1.50389E+12,4280.04,4330.36,4258.78,4295,7.809995,1.50389E+12,33621.85062,88,4.402371,19019.59564,0
263,1.50389E+12,4295,4310,4239.36,4239.37,9.137575,1.50389E+12,38910.49192,87,0.14616,620.4254447,0
264,1.50389E+12,4239.36,4252.76,4124.54,4227,39.354378,1.5039E+12,164199.0696,404,18.769664,78510.38968,0
265,1.5039E+12,4251.92,4251.92,4150.1,4169.01,21.490094,1.5039E+12,89862.20554,221,8.33641,35056.26129,0
266,1.5039E+12,4223.8,4282.07,4199.01,4221.04,16.856597,1.5039E+12,71504.33549,156,12.565061,53376.78886,0
267,1.5039E+12,4221.04,4297.11,4207.42,4261.9,16.696129,1.50391E+12,71020.73874,132,7.942864,33915.11126,0
268,1.50391E+12,4261.9,4305,4239.15,4252.7,22.834958,1.50391E+12,97630.85634,134,12.576282,53960.05399,0
269,1.50391E+12,4252.7,4298.83,4226.93,4227,18.001161,1.50391E+12,76494.34956,145,4.375504,18705.00256,0
270,1.50391E+12,4240,4317.21,4240,4290.77,36.987361,1.50392E+12,157880.998,178,3.417999,14669.98118,0
271,1.50392E+12,4290.77,4365.4,4288.07,4308,43.898554,1.50392E+12,189478.6764,213,17.871833,77459.29114,0
272,1.50392E+12,4309,4347,4271.86,4280,34.096299,1.50393E+12,146755.008,218,8.602694,37189.1613,0
273,1.50393E+12,4280,4347,4279.82,4347,20.362853,1.50393E+12,87876.00918,176,8.306359,35988.19704,0
274,1.50393E+12,4295.32,4320.9,4279.82,4291.13,32.232606,1.50393E+12,138580.9611,168,3.471945,14983.94275,0
275,1.50393E+12,4291.13,4315,4271.03,4273.59,35.166793,1.50394E+12,151032.4899,217,3.746772,16141.95159,0
276,1.50394E+12,4317.2,4341.99,4273.59,4322.65,23.266611,1.50394E+12,100072.9311,144,0.836328,3626.501303,0
277,1.50394E+12,4322.65,4370.45,4313.66,4324.67,41.915697,1.50394E+12,182013.9281,243,3.729159,16227.47992,0
278,1.50394E+12,4324.64,4362.99,4307.22,4312.7,18.666938,1.50395E+12,80815.51405,163,1.87435,8165.349392,0
279,1.50395E+12,4312.69,4361.37,4312.69,4321.65,23.376431,1.50395E+12,101197.8142,207,2.719092,11812.04792,0
280,1.50395E+12,4321.65,4339.8,4290.18,4312.43,13.371582,1.50395E+12,57720.15477,129,0.931505,4042.541256,0
281,1.50395E+12,4312.43,4349.98,4312.43,4331.47,20.517059,1.50396E+12,88877.2415,165,2.096877,9107.22314,0
282,1.50396E+12,4346.76,4399.82,4331.45,4353.32,22.749447,1.50396E+12,99044.38635,135,2.155036,9436.308142,0
283,1.50396E+12,4353.32,4386.69,4350.7,4386.69,28.704713,1.50396E+12,125223.5913,172,5.966446,26141.17476,0
284,1.50396E+12,4353.65,4386.68,4331.46,4349.44,20.287086,1.50397E+12,88357.60709,144,1.301409,5703.584955,0
285,1.50397E+12,4349.44,4386.69,4331.47,4349.54,20.222747,1.50397E+12,88209.44922,177,7.664717,33596.1081,0
286,1.50397E+12,4349.55,4359.99,4314.35,4314.78,17.146541,1.50398E+12,74332.06569,79,1.488773,6479.737467,0
287,1.50398E+12,4359.99,4383.99,4315.93,4376.99,21.2057,1.50398E+12,92504.64515,218,5.367394,23426.82678,0
288,1.50398E+12,4363.48,4383.98,4358.5,4363.16,27.492272,1.50398E+12,120058.5147,149,1.018769,4465.335675,0
289,1.50398E+12,4363.16,4404.05,4343.49,4356.76,30.538295,1.50399E+12,133391.24,216,7.224802,31673.6857,0
290,1.50399E+12,4356.76,4389.49,4343.48,4363.21,30.45445,1.50399E+12,132985.0913,213,11.885951,52111.43043,0
291,1.50399E+12,4389.44,4404.07,4313.55,4329.02,39.971942,1.50399E+12,174219.478,316,10.930116,47909.9673,0
292,1.50399E+12,4328.12,4382.99,4328.12,4352.52,25.94743,1.504E+12,112908.8104,196,4.494307,19621.27793,0
293,1.504E+12,4352.52,4379.99,4329.59,4367.4,30.624444,1.504E+12,133125.2924,189,5.093695,22211.2739,0
294,1.504E+12,4367.4,4368.47,4329.57,4346.86,11.083362,1.504E+12,48229.75931,141,0.990406,4326.466706,0
295,1.504E+12,4346.86,4417.61,4333.2,4368.5,20.396193,1.50401E+12,89230.69531,175,6.099213,26796.88551,0
296,1.50401E+12,4368.5,4436.94,4347.59,4408.08,41.237112,1.50401E+12,180821.6436,237,6.041287,26716.46432,0
297,1.50401E+12,4417.07,4625.85,4408.09,4580,34.373514,1.50402E+12,154636.0194,225,16.091086,72919.55586,0
298,1.50402E+12,4581.61,4599.96,4530.87,4545.87,19.220643,1.50402E+12,87762.17029,119,8.09259,37063.02008,0
299,1.50402E+12,4545.86,4597.97,4545.75,4570,33.933302,1.50402E+12,155201.4144,258,7.53686,34505.90706,0
300,1.50402E+12,4569.65,4584,4503.92,4503.92,30.890227,1.50403E+12,140214.2535,169,2.584557,11807.25913,0
301,1.50403E+12,4505,4555.55,4496.95,4555.55,36.10073,1.50403E+12,163394.1472,197,4.554864,20716.8362,0
302,1.50403E+12,4533.47,4555.54,4511.45,4536.63,25.692199,1.50403E+12,116484.4949,164,5.247023,23863.68454,0
303,1.50403E+12,4536.64,4555.55,4521.01,4555.55,34.531074,1.50404E+12,156785.7421,221,13.47159,61290.0323,0
304,1.50404E+12,4540,4597,4535.09,4577.54,13.587935,1.50404E+12,62093.40693,97,5.260459,24097.65551,0
305,1.50404E+12,4563.5,4624.99,4550.09,4618.93,25.897683,1.50404E+12,119290.623,128,7.843867,36158.98357,0
306,1.50404E+12,4618.92,4618.92,4564.77,4591.88,4.539268,1.50405E+12,20794.14928,72,1.128152,5169.050185,0
307,1.50405E+12,4590,4619.6,4564.81,4587.48,8.170879,1.50405E+12,37453.02258,59,2.03068,9350.991479,0
308,1.50405E+12,4564.52,4599.78,4527.45,4575.23,26.272797,1.50405E+12,119852.9901,219,2.817253,12926.38581,0
309,1.50405E+12,4576.23,4619.99,4576.22,4597.55,45.780881,1.50406E+12,210385.2988,196,3.856831,17754.06399,0
310,1.50406E+12,4597.54,4615.55,4565.33,4604.12,25.84694,1.50406E+12,118666.249,237,4.914141,22589.10486,0
311,1.50406E+12,4586.66,4618.3,4582.6,4583.61,21.524412,1.50407E+12,98824.87009,119,1.177023,5434.227912,0
312,1.50407E+12,4600,4625,4579.61,4579.61,44.07068,1.50407E+12,202667.3611,228,12.702928,58594.88671,0
313,1.50407E+12,4599.52,4617,4558.89,4590.49,34.419046,1.50407E+12,157750.3009,161,3.973815,18284.30838,0
314,1.50407E+12,4590.49,4647.51,4575.55,4588,39.341436,1.50408E+12,181384.5352,184,8.135665,37637.01574,0
315,1.50408E+12,4588,4632,4550.01,4550.02,31.720289,1.50408E+12,145571.6895,214,6.778694,31234.33005,0
316,1.50408E+12,4550,4597,4542.42,4552.69,22.727698,1.50408E+12,103742.4477,136,2.741605,12587.82801,0
317,1.50408E+12,4566.35,4589.77,4482,4482,30.342395,1.50409E+12,137734.9477,154,6.601926,30174.52382,0
318,1.50409E+12,4502.17,4538.09,4416.01,4477.1,80.929427,1.50409E+12,362543.7699,798,30.434274,136532.448,0
319,1.50409E+12,4538.09,4569,4470.23,4498.35,42.152308,1.50409E+12,190944.9958,249,17.394035,78980.21409,0
320,1.50409E+12,4537,4592.76,4416.16,4570,52.59406,1.5041E+12,237124.6497,359,19.546614,89074.13308,0
321,1.5041E+12,4561.06,4588,4532.5,4585.31,40.357743,1.5041E+12,184126.1296,318,12.979073,59404.20703,0
322,1.5041E+12,4584,4589.67,4531.48,4558.16,33.248825,1.50411E+12,151639.5019,194,12.778466,58343.71584,0
323,1.50411E+12,4549.08,4575.18,4516.95,4546.77,36.812853,1.50411E+12,167216.7568,329,12.979654,59139.03255,0
324,1.50411E+12,4555,4598.08,4546.74,4589.99,28.328046,1.50411E+12,129258.9648,202,5.25742,24049.03217,0
325,1.50411E+12,4546.75,4600,4546.74,4600,21.985947,1.50412E+12,100587.2537,204,8.969467,41221.29951,0
326,1.50412E+12,4590.01,4609.92,4556,4556,13.833165,1.50412E+12,63398.8221,156,1.32636,6097.578336,0
327,1.50412E+12,4554.07,4574.3,4532.8,4536.82,20.69812,1.50412E+12,94220.9551,159,0.745368,3388.061955,0
328,1.50412E+12,4536.82,4571.87,4516.87,4547.74,17.613702,1.50413E+12,80036.81137,186,0.185128,845.9358697,0
329,1.50413E+12,4547.74,4565,4531.53,4547.26,24.531157,1.50413E+12,111581.3904,134,4.419779,20109.61925,0
330,1.50413E+12,4561.69,4579.91,4547.24,4547.9,32.289173,1.50413E+12,147257.2601,152,6.931506,31728.13365,0
331,1.50413E+12,4547.91,4579.85,4547.81,4555.14,41.047671,1.50414E+12,187196.7354,263,8.415227,38490.15093,0
332,1.50414E+12,4555.14,4579.99,4555.14,4569.66,33.39053,1.50414E+12,152557.5036,135,8.327297,38117.07607,0
333,1.50414E+12,4579.99,4605.99,4569.65,4574.8,27.075165,1.50414E+12,124073.9183,172,6.283514,28855.33567,0
334,1.50414E+12,4574.8,4600,4569.6,4596.54,32.123325,1.50415E+12,147481.1482,306,3.287239,15118.22193,0
335,1.50415E+12,4596.54,4606,4592.19,4593.66,17.061861,1.50415E+12,78429.98319,201,3.344752,15385.37765,0
336,1.50415E+12,4596.54,4609,4586.49,4591.56,38.738009,1.50416E+12,178156.322,240,4.976061,22917.78972,0
337,1.50416E+12,4592.92,4628.12,4578.17,4598.54,10.51493,1.50416E+12,48376.51667,82,1.393214,6433.504586,0
338,1.50416E+12,4600,4613,4572.99,4572.99,32.272962,1.50416E+12,148139.8085,197,1.702184,7832.043807,0
339,1.50416E+12,4572.99,4603.34,4572.64,4592.16,21.473024,1.50417E+12,98497.85592,111,2.313343,10637.81321,0
340,1.50417E+12,4603.58,4615,4578,4586.51,24.18558,1.50417E+12,111161.5585,132,0.602424,2780.179984,0
341,1.50417E+12,4572.64,4613.6,4572.64,4583.02,22.892933,1.50417E+12,105144.6041,157,6.354462,29253.05552,0
342,1.50417E+12,4596.52,4678.57,4583.02,4632.96,32.970735,1.50418E+12,152371.0861,202,8.525293,39468.41009,0
343,1.50418E+12,4632.97,4675,4631.41,4656.67,31.825563,1.50418E+12,147979.1827,161,5.664184,26431.40305,0
344,1.50418E+12,4674.97,4674.97,4631.41,4673.87,43.410017,1.50418E+12,202422.4821,351,8.183344,38239.48094,0
345,1.50418E+12,4673.87,4685.55,4632.87,4685.55,24.897004,1.50419E+12,116120.2614,160,8.874158,41466.23028,0
346,1.50419E+12,4685.55,4685.55,4649.69,4685.55,20.190571,1.50419E+12,94256.66386,309,10.921989,51083.19346,0
347,1.50419E+12,4657.76,4685.17,4648.82,4648.82,18.499603,1.5042E+12,86350.99713,79,2.630342,12309.4242,0
348,1.5042E+12,4648.82,4685.56,4638.98,4684.98,16.270784,1.5042E+12,76002.85723,166,11.334407,53090.69509,0
349,1.5042E+12,4684.98,4684.98,4638.98,4650.55,7.159727,1.5042E+12,33427.10966,106,4.746056,22205.84619,0
350,1.5042E+12,4683.9,4717.45,4650.56,4700.13,18.489213,1.50421E+12,86731.95226,161,4.510828,21169.25463,0
351,1.50421E+12,4703.02,4745.42,4678.78,4698.77,24.883439,1.50421E+12,116909.0563,170,8.970462,42225.27893,0
352,1.50421E+12,4688.47,4717.42,4673.1,4673.14,13.148827,1.50421E+12,61790.6015,95,0.131131,616.1544089,0
353,1.50421E+12,4685.5,4724.71,4666.84,4724.71,16.740692,1.50422E+12,78585.41699,132,3.484227,16389.03379,0
354,1.50422E+12,4685.03,4700,4666.84,4697,16.74069,1.50422E+12,78514.95706,174,6.159281,28940.96767,0
355,1.50422E+12,4699,4724.89,4683.36,4724.89,12.001618,1.50422E+12,56396.88078,162,9.227133,43376.76303,0
356,1.50422E+12,4689.89,4745.35,4689.89,4721.05,15.711673,1.50423E+12,74145.73611,105,2.494201,11801.62397,0
357,1.50423E+12,4730.05,4766.99,4701.11,4725,28.111344,1.50423E+12,133018.2507,270,9.947925,47251.4387,0
358,1.50423E+12,4740.99,4767,4723,4735.96,15.140693,1.50423E+12,71825.62179,147,9.184023,43593.35456,0
359,1.50423E+12,4767,4767,4713.67,4714.73,16.684268,1.50424E+12,78802.10935,101,1.914899,9118.754582,0
360,1.50424E+12,4714.73,4734.99,4672,4672,40.823528,1.50424E+12,192087.2578,215,3.187294,15069.51447,0
361,1.50424E+12,4672,4688.96,4654.88,4664.14,8.746669,1.50425E+12,40844.53215,65,0.449693,2104.510783,0
362,1.50425E+12,4664.14,4696.99,4656.3,4666.66,14.171554,1.50425E+12,66207.59556,54,0.527595,2477.890936,0
363,1.50425E+12,4666.66,4713.8,4666.66,4707.5,37.484383,1.50425E+12,176109.4129,207,6.934512,32560.82922,0
364,1.50425E+12,4715,4762.99,4708.09,4749.99,35.028762,1.50426E+12,165827.8468,202,11.279509,53508.84297,0
365,1.50426E+12,4731.01,4750,4731,4742.46,34.771839,1.50426E+12,164845.2346,230,7.33742,34821.87555,0
366,1.50426E+12,4739.33,4778.19,4735.98,4761.42,27.300415,1.50426E+12,129856.9364,189,5.296678,25163.84311,0
367,1.50426E+12,4761.42,4798.46,4725.88,4775,33.865639,1.50427E+12,161068.3515,189,3.960528,18920.31778,0
368,1.50427E+12,4775,4793,4736.35,4793,8.029873,1.50427E+12,38346.40813,73,6.842439,32695.0169,0
369,1.50427E+12,4783,4839.92,4775.99,4777.02,14.1,1.50427E+12,67525.13473,150,7.257041,34786.12432,0
370,1.50427E+12,4777.02,4788,4725.81,4725.81,21.605461,1.50428E+12,102650.7757,118,0.463914,2216.625988,0
371,1.50428E+12,4748.46,4804.12,4746.94,4803.83,25.152378,1.50428E+12,119869.1492,177,1.695917,8124.47218,0
372,1.50428E+12,4756.46,4803.83,4746.94,4780.8,29.92371,1.50429E+12,142778.9155,275,2.928008,14049.83229,0
373,1.50429E+12,4776.93,4794.97,4738.94,4792.97,23.412875,1.50429E+12,111892.0447,181,1.844958,8836.604634,0
374,1.50429E+12,4792.97,4811.82,4739.08,4771.08,18.353034,1.50429E+12,87645.54508,185,6.002833,28671.87812,0
375,1.50429E+12,4758.67,4815.67,4752.77,4813.24,25.262004,1.5043E+12,120947.0468,252,4.071771,19564.95449,0
376,1.5043E+12,4808.79,4819.67,4776.15,4819.67,19.796934,1.5043E+12,94912.1164,152,8.052642,38719.14731,0
377,1.5043E+12,4819.65,4859.44,4770.63,4770.63,23.988148,1.5043E+12,115457.6354,186,6.357987,30653.18003,0
378,1.5043E+12,4760.01,4857.6,4760.01,4843.17,14.685877,1.50431E+12,70564.61866,84,2.689739,12990.65706,0
379,1.50431E+12,4844.24,4885.55,4796.16,4834.91,28.515305,1.50431E+12,137937.2833,193,7.938577,38553.14092,0
380,1.50431E+12,4796.16,4885.55,4784.43,4885.55,21.532721,1.50431E+12,104065.1003,164,10.127948,49157.52224,0
381,1.50431E+12,4885.55,4932.38,4850.01,4932.38,45.474996,1.50432E+12,222465.9956,369,21.807381,106721.4367,0
382,1.50432E+12,4932.38,4939.19,4837.49,4839.96,30.984318,1.50432E+12,151878.0918,172,6.148758,30188.17468,0
383,1.50432E+12,4839.96,4850,4764.88,4788.07,47.546493,1.50432E+12,227925.5434,331,18.987035,91168.69214,0
384,1.50432E+12,4765.01,4814.49,4765.01,4794.11,20.9504,1.50433E+12,100439.3421,223,6.979762,33545.82414,0
385,1.50433E+12,4797.45,4814.44,4473.35,4473.35,61.955495,1.50433E+12,285127.1655,520,19.108686,88641.42839,0
386,1.50433E+12,4493,4732.86,4473.35,4696.44,66.739179,1.50434E+12,306271.8202,756,53.220751,244340.684,0
387,1.50434E+12,4732.85,4780,4652.13,4697.71,29.124534,1.50434E+12,137793.6442,209,11.97268,56837.27338,0
388,1.50434E+12,4701.02,4709.4,4549.78,4628.86,46.816561,1.50434E+12,216645.591,312,10.555783,48966.61937,0
389,1.50434E+12,4628.9,4660.29,4549.77,4604.02,34.027855,1.50435E+12,156816.1747,236,7.83349,36038.29244,0
390,1.50435E+12,4604.01,4654.73,4556.71,4625.56,43.2785,1.50435E+12,199548.9077,335,16.288015,75402.53531,0
391,1.50435E+12,4634.95,4688.66,4617.95,4630.01,18.11696,1.50435E+12,84133.51839,214,11.000332,51145.92641,0
392,1.50435E+12,4669.75,4675,4516.17,4604.97,46.381532,1.50436E+12,213563.2611,354,17.823526,82343.43187,0
393,1.50436E+12,4604.97,4637.56,4569.65,4618.39,21.950267,1.50436E+12,100971.5028,194,6.625673,30605.06006,0
394,1.50436E+12,4618.39,4618.39,4418.22,4483.94,53.057107,1.50436E+12,237819.1504,355,22.036844,98689.36668,0
395,1.50436E+12,4433.58,4483.62,4354.61,4460.19,65.915579,1.50437E+12,290845.2199,397,29.206466,129086.7226,0
396,1.50437E+12,4465.12,4508.96,4377.43,4439,48.470317,1.50437E+12,215738.1469,366,19.572393,87145.01011,0
397,1.50437E+12,4443,4545.76,4377.44,4530.01,36.504369,1.50438E+12,163282.6788,272,11.112469,49985.22072,0
398,1.50438E+12,4554.98,4554.98,4480.81,4486.06,31.20194,1.50438E+12,141219.8184,208,1.598843,7267.158892,0
399,1.50438E+12,4486.06,4509.96,4428.66,4509.77,23.438896,1.50438E+12,104888.3574,134,10.371258,46435.93988,0
400,1.50438E+12,4509.77,4509.96,4286.87,4351.19,57.065876,1.50439E+12,249907.4254,628,26.147609,114834.1058,0
401,1.50439E+12,4351.28,4414.59,4286.87,4299.53,25.71493,1.50439E+12,111874.2402,231,9.956603,43409.21702,0
402,1.50439E+12,4398.49,4492.88,4299.47,4405,24.656166,1.50439E+12,109164.7166,222,13.477556,59890.69208,0
403,1.50439E+12,4439.92,4508.5,4392.72,4472.14,28.243604,1.5044E+12,125338.532,273,17.240002,76487.7504,0
404,1.5044E+12,4508.5,4618.38,4508.5,4600.53,29.470282,1.5044E+12,134175.6458,297,10.173191,46392.37357,0
405,1.5044E+12,4556.71,4609.98,4486.19,4560,27.551972,1.5044E+12,125350.5727,308,13.298309,60556.13881,0
406,1.5044E+12,4545,4569.95,4467.88,4568.91,25.620889,1.50441E+12,115715.3918,223,10.901898,49387.33202,0
407,1.50441E+12,4568.91,4618.4,4555,4569.54,29.925615,1.50441E+12,137288.4544,184,12.807259,58766.04083,0
408,1.50441E+12,4584.78,4714.75,4584.78,4690.79,31.012677,1.50441E+12,144575.9742,241,17.507438,81818.40699,0
409,1.50441E+12,4697.72,4714.76,4651.18,4675.12,39.947194,1.50442E+12,187079.5224,187,12.994454,60897.69058,0
410,1.50442E+12,4684.9,4714.33,4605.12,4605.12,21.866116,1.50442E+12,102242.3281,146,6.63136,30923.80083,0
411,1.50442E+12,4605.12,4658.56,4586.29,4620.87,26.926897,1.50443E+12,124439.2246,363,5.604861,25931.75011,0
412,1.50443E+12,4610.52,4674.86,4610.52,4621.44,29.759933,1.50443E+12,138011.4139,281,10.783811,50086.64184,0
413,1.50443E+12,4628,4645.84,4502.75,4523.47,37.794733,1.50443E+12,172410.1297,440,7.120408,32439.90961,0
414,1.50443E+12,4523.48,4554.17,4472.49,4510.09,19.604208,1.50444E+12,88523.75536,174,4.983856,22574.96795,0
415,1.50444E+12,4508.98,4557.19,4456.8,4486,16.054645,1.50444E+12,72124.32452,147,10.278977,46206.29757,0
416,1.50444E+12,4475.23,4511,4415.05,4510.99,23.175971,1.50444E+12,103564.9273,287,9.742566,43730.76441,0
417,1.50444E+12,4490.03,4557.25,4298.33,4303.1,59.913815,1.50445E+12,263192.371,404,21.858611,96317.84635,0
418,1.50445E+12,4303.31,4400,4298.33,4399.93,58.223375,1.50445E+12,252422.684,428,29.094859,126550.4844,0
419,1.50445E+12,4388.8,4469.14,4351.03,4384.15,28.958358,1.50445E+12,127368.0248,351,12.199134,53863.19716,0
420,1.50445E+12,4351.02,4475.7,4345.01,4459.11,22.772713,1.50446E+12,100820.2139,214,7.624606,33790.443,0
421,1.50446E+12,4459.11,4529.44,4459.1,4476.13,21.94449,1.50446E+12,98440.08054,260,7.097047,31863.72139,0
422,1.50446E+12,4500,4522.45,4425.46,4482.04,38.484202,1.50447E+12,171959.8015,288,11.582387,51814.86216,0
423,1.50447E+12,4494.16,4530,4460.06,4529,23.092892,1.50447E+12,103935.5417,141,5.910888,26636.35636,0
424,1.50447E+12,4529,4550,4496.19,4505.18,27.455662,1.50447E+12,124122.4145,242,8.586043,38848.70239,0
425,1.50447E+12,4496.97,4549,4445.15,4549,18.610223,1.50448E+12,83720.94195,127,10.444856,47130.51055,0
426,1.50448E+12,4549,4583.84,4492.73,4521.19,20.267247,1.50448E+12,91752.03114,175,5.216783,23699.83112,0
427,1.50448E+12,4496.55,4574.99,4496.52,4509.08,12.782089,1.50448E+12,57816.98265,114,6.490934,29416.62163,0
428,1.50448E+12,4505,4527.49,4431.44,4438.11,18.255424,1.50449E+12,81219.17824,136,5.335143,23801.89442,0
429,1.50449E+12,4438.11,4460.13,4411.8,4411.81,15.584801,1.50449E+12,69067.36551,178,5.890001,26144.86083,0
430,1.50449E+12,4411.97,4448.03,4406,4408,27.710037,1.50449E+12,122549.3576,232,8.865351,39306.76347,0
431,1.50449E+12,4408,4426.67,4340.5,4340.51,19.78086,1.5045E+12,86715.00476,227,5.158449,22692.97549,0
432,1.5045E+12,4340.53,4460.12,4340.53,4409.65,49.186324,1.5045E+12,215829.9551,281,31.911923,140163.0816,0
433,1.5045E+12,4410.05,4467,4394.97,4402,40.73726,1.5045E+12,180467.335,207,11.962455,53207.75486,0
434,1.5045E+12,4402.02,4466.89,4396.43,4459.77,27.066394,1.50451E+12,119505.5768,241,5.939645,26299.60674,0
435,1.50451E+12,4459.77,4493.15,4052,4186.96,158.923616,1.50451E+12,673206.2493,887,52.166149,221384.6951,0
436,1.50451E+12,4102.05,4390,4075,4351.95,184.927841,1.50452E+12,785494.3996,979,107.36632,459518.6989,0
437,1.50452E+12,4365.3,4384.14,4274.23,4336.42,85.201823,1.50452E+12,369775.1974,509,46.14773,200561.0596,0
438,1.50452E+12,4336.86,4437.68,4303.06,4349.23,79.732198,1.50452E+12,348335.2087,507,20.709259,90697.59958,0
439,1.50452E+12,4349.23,4352.58,4114.33,4153,114.818176,1.50453E+12,488130.6855,498,42.317974,179649.5199,0
440,1.50453E+12,4153,4200.01,4106.81,4106.81,60.979923,1.50453E+12,253039.8848,465,25.53021,106372.8286,0
441,1.50453E+12,4106.81,4311.14,4106.81,4275.19,57.538323,1.50453E+12,244460.5445,301,33.297861,142034.7418,0
442,1.50453E+12,4275.19,4275.19,4112.27,4120.01,69.498776,1.50454E+12,291778.4545,578,31.339787,131894.8514,0
443,1.50454E+12,4120.01,4171,4014.76,4015.03,88.224205,1.50454E+12,359218.9226,653,32.29636,131912.182,0
444,1.50454E+12,4015.03,4115.05,4014.76,4014.83,54.416388,1.50454E+12,219758.7077,409,20.617269,83395.49734,0
445,1.50454E+12,4015.01,4046.37,3972.52,3972.53,36.948808,1.50455E+12,148051.2887,327,5.980502,24020.51424,0
446,1.50455E+12,3972.53,4149.98,3972.51,4115.03,30.426346,1.50455E+12,123355.9143,237,19.025149,77343.39056,0
447,1.50455E+12,4115.03,4224.99,4100.03,4203.67,33.251024,1.50456E+12,138587.8973,158,14.631483,61047.67246,0
448,1.50456E+12,4187,4210,4121.02,4197.24,23.21673,1.50456E+12,97042.35019,255,9.752358,40901.36129,0
449,1.50456E+12,4197.3,4300.95,4190.15,4258.4,41.545516,1.50456E+12,175466.9363,394,21.183091,89442.03441,0
450,1.50456E+12,4258.4,4258.4,4131.88,4131.88,34.323176,1.50457E+12,143691.3166,284,11.820503,49784.12616,0
451,1.50457E+12,4131.88,4174,4100.11,4100.11,42.350645,1.50457E+12,175199.7589,374,9.355879,38784.90214,0
452,1.50457E+12,4106.97,4116.08,3901.02,3999.99,74.287186,1.50457E+12,297412.8077,515,28.971063,116247.0988,0
453,1.50457E+12,3956.58,4121.33,3620,3620,99.245285,1.50458E+12,381148.3655,567,27.97817,109401.7952,0
454,1.50458E+12,3659.5,4054.15,3603,4054.11,53.837624,1.50458E+12,207578.0336,623,34.396758,133216.581,0
455,1.50458E+12,4054.11,4071.83,3943.11,3988.04,59.3672,1.50458E+12,237926.1212,644,32.966974,132334.5039,0
456,1.50458E+12,3996.24,4070.38,3943.1,4038.01,38.124178,1.50459E+12,152671.9653,333,12.390166,49679.94008,0
457,1.50459E+12,4038.01,4044.46,3943.12,3960.01,55.237208,1.50459E+12,220159.9993,384,25.191684,100451.3955,0
458,1.50459E+12,3966.83,4058.27,3960.01,4013.46,56.646196,1.50459E+12,227377.5922,780,13.304718,53426.69473,0
459,1.50459E+12,4013.46,4190.4,4013.46,4190.4,63.826839,1.5046E+12,262998.3395,565,30.628163,125924.1733,0
460,1.5046E+12,4190,4217.23,4084.74,4086.8,90.408904,1.5046E+12,376006.5288,612,32.838858,136876.9198,0
461,1.5046E+12,4099.99,4123,4050,4120.05,65.802656,1.50461E+12,269223.7095,515,29.177289,119404.3383,0
462,1.50461E+12,4120.4,4188.63,4096.07,4169.76,21.125407,1.50461E+12,87409.66749,246,10.047405,41673.17728,0
463,1.50461E+12,4170.24,4248.6,4136.87,4246.82,44.777442,1.50461E+12,188055.2319,404,26.144407,109863.0432,0
464,1.50461E+12,4248.64,4297.63,4220.98,4221.83,69.346328,1.50462E+12,295461.3196,473,30.550596,130255.983,0
465,1.50462E+12,4220.98,4277.02,4192.29,4261.04,40.530683,1.50462E+12,172233.3381,319,15.348228,65222.52723,0
466,1.50462E+12,4267.23,4298,4192.3,4229,74.440726,1.50462E+12,316779.5129,553,36.151584,154066.7077,0
467,1.50462E+12,4229,4242.06,4116.65,4151,60.758728,1.50463E+12,253805.1168,459,25.724065,107504.4196,0
468,1.50463E+12,4140,4219.68,4096.06,4142.69,31.453975,1.50463E+12,130674.0124,287,21.100851,87807.04046,0
469,1.50463E+12,4180.31,4337.7,4170.66,4322.47,25.60986,1.50463E+12,109430.8656,146,10.765864,45916.07788,0
470,1.50463E+12,4317.67,4430,4294,4390.14,38.630245,1.50464E+12,168060.1627,457,21.770689,95136.0265,0
471,1.50464E+12,4390.43,4459.55,4363.51,4442.48,29.890495,1.50464E+12,132549.4552,201,12.049697,53495.48873,0
472,1.50464E+12,4442.09,4444.02,4363.5,4431.61,40.573856,1.50465E+12,178218.1516,292,19.207348,84350.57206,0
473,1.50465E+12,4410.16,4445.72,4351.01,4374.43,28.956005,1.50465E+12,126909.7823,238,13.275056,58215.66017,0
474,1.50465E+12,4366.77,4430.89,4352.53,4423.46,34.408467,1.50465E+12,151410.7893,259,11.34003,50058.64166,0
475,1.50465E+12,4427.31,4484.99,4352.54,4366.47,31.652664,1.50466E+12,139952.3183,212,12.156402,53769.03362,0
476,1.50466E+12,4366.49,4457.18,4365.73,4442.05,42.435053,1.50466E+12,186830.6917,351,18.263471,80557.66498,0
477,1.50466E+12,4442.05,4521.18,4415.15,4502.83,44.28589,1.50466E+12,198446.4759,614,23.29167,104511.4641,0
478,1.50466E+12,4502.83,4522.81,4444.24,4446,65.305877,1.50467E+12,293086.5761,769,42.415511,190575.4925,0
479,1.50467E+12,4453,4479.95,4414.25,4430.02,35.393749,1.50467E+12,157678.2879,356,11.959444,53384.33826,0
480,1.50467E+12,4448.1,4466.09,4365.73,4388.48,33.166056,1.50467E+12,146492.1448,250,12.820689,56539.64489,0
481,1.50467E+12,4365.73,4437.29,4335.26,4416.17,47.486376,1.50468E+12,208907.1913,324,24.533322,108121.6663,0
482,1.50468E+12,4416.54,4422.36,4335.26,4385.51,30.240164,1.50468E+12,132710.3898,289,11.157538,48999.40437,0
483,1.50468E+12,4393.5,4505.96,4364.93,4461.29,55.415346,1.50468E+12,245951.204,647,30.497264,135441.7474,0
484,1.50468E+12,4476.13,4574.46,4474.2,4513.52,43.460837,1.50469E+12,196296.8903,570,29.421654,133094.076,0
485,1.50469E+12,4559.99,4574.46,4487.01,4492.66,37.027982,1.50469E+12,167885.861,249,18.160069,82457.61182,0
486,1.50469E+12,4497.81,4538.95,4469.82,4525.39,22.478306,1.5047E+12,101073.3958,238,8.333061,37446.18361,0
487,1.5047E+12,4535.29,4597.79,4485.01,4548.13,72.327695,1.5047E+12,328150.8398,696,42.337962,192365.9471,0
488,1.5047E+12,4544.59,4594.9,4490.04,4527.04,124.337025,1.5047E+12,565448.1845,1057,65.03755,295885.7968,0
489,1.5047E+12,4526.46,4547.77,4422.28,4502.77,48.475811,1.50471E+12,217726.0353,573,21.720883,97611.54465,0
490,1.50471E+12,4490.01,4546.57,4466.2,4517.97,44.921193,1.50471E+12,202622.0128,489,27.797566,125500.2653,0
491,1.50471E+12,4503,4619.47,4488.33,4619.43,43.862768,1.50471E+12,199660.7639,441,29.557031,134755.082,0
492,1.50471E+12,4619.43,4619.43,4619.43,4619.43,0,1.50471E+12,0,0,0,0,0
493,1.50474E+12,4619.43,4662.87,4610,4619.77,16.743598,1.50474E+12,77379.11058,43,5.618378,25983.81076,0
494,1.50474E+12,4619.77,4661.93,4538.1,4599.78,6.288827,1.50475E+12,28795.94778,21,1.957381,9014.318321,0
495,1.50475E+12,4540.01,4546.69,4451.93,4453.01,15.791151,1.50475E+12,70968.09084,38,1.469926,6590.95759,0
496,1.50475E+12,4465.64,4527.1,4438.19,4499.95,29.384685,1.50475E+12,132095.6039,167,16.696747,75139.42555,0
497,1.50475E+12,4507.48,4572.47,4484.03,4484.03,35.710423,1.50476E+12,161434.8602,185,19.332612,87583.95942,0
498,1.50476E+12,4489.48,4549.52,4482,4541.17,18.430628,1.50476E+12,82970.62743,107,5.286292,23850.58107,0
499,1.50476E+12,4542.35,4561.9,4511.97,4519.48,20.847166,1.50476E+12,94705.40542,122,9.833729,44707.44548,0
